"STATION","NAME","DATE","TAVG","TMAX","TMIN"
"USR0000CBAR","BARNABY CALIFORNIA, CA US","2018-01-01","54","65","46"
"USR0000CBAR","BARNABY CALIFORNIA, CA US","2018-01-02","55","58","53"
"USR0000CBAR","BARNABY CALIFORNIA, CA US","2018-01-03","54","56","50"
"USR0000CBAR","BARNABY CALIFORNIA, CA US","2018-01-04","54","57","50"
"USR0000CBAR","BARNABY CALIFORNIA, CA US","2018-01-05","54","57","50"
"USR0000CBAR","BARNABY CALIFORNIA, CA US","2018-01-06","50","59","45"
"USR0000CBAR","BARNABY CALIFORNIA, CA US","2018-01-07","47","48","42"
"USR0000CBAR","BARNABY CALIFORNIA, CA US","2018-01-08","51","56","47"
"USR0000CBAR","BARNABY CALIFORNIA, CA US","2018-01-09","51","56","47"
"USR0000CBAR","BARNABY CALIFORNIA, CA US","2018-01-10","51","60","47"
"USR0000CBAR","BARNABY CALIFORNIA, CA US","2018-01-11","51","58","47"
"USR0000CBAR","BARNABY CALIFORNIA, CA US","2018-01-12","53","63","47"
"USR0000CBAR","BARNABY CALIFORNIA, CA US","2018-01-13","49","54","47"
"USR0000CBAR","BARNABY CALIFORNIA, CA US","2018-01-14","49","53","46"
"USR0000CBAR","BARNABY CALIFORNIA, CA US","2018-01-15","53","63","46"
"USR0000CBAR","BARNABY CALIFORNIA, CA US","2018-01-16","53","56","51"
"USR0000CBAR","BARNABY CALIFORNIA, CA US","2018-01-17","51","56","48"
"USR0000CBAR","BARNABY CALIFORNIA, CA US","2018-01-18","50","55","47"
"USR0000CBAR","BARNABY CALIFORNIA, CA US","2018-01-19","47","54","42"
"USR0000CBAR","BARNABY CALIFORNIA, CA US","2018-01-20","46","54","41"
"USR0000CBAR","BARNABY CALIFORNIA, CA US","2018-01-21","47","54","39"
"USR0000CBAR","BARNABY CALIFORNIA, CA US","2018-01-22","51","56","44"
"USR0000CBAR","BARNABY CALIFORNIA, CA US","2018-01-23","47","58","39"
"USR0000CBAR","BARNABY CALIFORNIA, CA US","2018-01-24","47","51","44"
"USR0000CBAR","BARNABY CALIFORNIA, CA US","2018-01-25","47","54","43"
"USR0000CBAR","BARNABY CALIFORNIA, CA US","2018-01-26","45","54","39"
"USR0000CBAR","BARNABY CALIFORNIA, CA US","2018-01-27","49","60","40"
"USR0000CBAR","BARNABY CALIFORNIA, CA US","2018-01-28","53","64","46"
"USR0000CBAR","BARNABY CALIFORNIA, CA US","2018-01-29","53","59","50"
"USR0000CBAR","BARNABY CALIFORNIA, CA US","2018-01-30","56","70","47"
"USR0000CBAR","BARNABY CALIFORNIA, CA US","2018-01-31","58","71","48"
"USR0000CBAR","BARNABY CALIFORNIA, CA US","2018-02-01","62","76","53"
"USR0000CBAR","BARNABY CALIFORNIA, CA US","2018-02-02","64","77","57"
"USR0000CBAR","BARNABY CALIFORNIA, CA US","2018-02-03","65","78","56"
"USR0000CBAR","BARNABY CALIFORNIA, CA US","2018-02-04","65","79","59"
"USR0000CBAR","BARNABY CALIFORNIA, CA US","2018-02-05","64","78","55"
"USR0000CBAR","BARNABY CALIFORNIA, CA US","2018-02-06","65","78","56"
"USR0000CBAR","BARNABY CALIFORNIA, CA US","2018-02-07","62","71","57"
"USR0000CBAR","BARNABY CALIFORNIA, CA US","2018-02-08","64","78","53"
"USR0000CBAR","BARNABY CALIFORNIA, CA US","2018-02-09","63","78","54"
"USR0000CBAR","BARNABY CALIFORNIA, CA US","2018-02-10","55","66","49"
"USR0000CBAR","BARNABY CALIFORNIA, CA US","2018-02-11","48","53","44"
"USR0000CBAR","BARNABY CALIFORNIA, CA US","2018-02-12","48","58","43"
"USR0000CBAR","BARNABY CALIFORNIA, CA US","2018-02-13","51","64","42"
"USR0000CBAR","BARNABY CALIFORNIA, CA US","2018-02-14","48","56","44"
"USR0000CBAR","BARNABY CALIFORNIA, CA US","2018-02-15","50","63","40"
"USR0000CBAR","BARNABY CALIFORNIA, CA US","2018-02-16","53","66","45"
"USR0000CBAR","BARNABY CALIFORNIA, CA US","2018-02-17","55","70","47"
"USR0000CBAR","BARNABY CALIFORNIA, CA US","2018-02-18","45","51","38"
"USR0000CBAR","BARNABY CALIFORNIA, CA US","2018-02-19","41","49","36"
"USR0000CBAR","BARNABY CALIFORNIA, CA US","2018-02-20","41","51","31"
"USR0000CBAR","BARNABY CALIFORNIA, CA US","2018-02-21","44","55","37"
"USR0000CBAR","BARNABY CALIFORNIA, CA US","2018-02-22","43","49","38"
"USR0000CBAR","BARNABY CALIFORNIA, CA US","2018-02-23","42","53","33"
"USR0000CBAR","BARNABY CALIFORNIA, CA US","2018-02-24","44","52","35"
"USR0000CBAR","BARNABY CALIFORNIA, CA US","2018-02-25","46","58","38"
"USR0000CBAR","BARNABY CALIFORNIA, CA US","2018-02-26","45","49","39"
"USR0000CBAR","BARNABY CALIFORNIA, CA US","2018-02-27","46","58","37"
"USR0000CBAR","BARNABY CALIFORNIA, CA US","2018-02-28","46","54","38"
"USR0000CBAR","BARNABY CALIFORNIA, CA US","2018-03-01","49","55","41"
"USR0000CBAR","BARNABY CALIFORNIA, CA US","2018-03-02","42","49","35"
"USR0000CBAR","BARNABY CALIFORNIA, CA US","2018-03-03","41","48","36"
"USR0000CBAR","BARNABY CALIFORNIA, CA US","2018-03-04","44","55","36"
"USR0000CBAR","BARNABY CALIFORNIA, CA US","2018-03-05","48","60","36"
"USR0000CBAR","BARNABY CALIFORNIA, CA US","2018-03-06","53","65","43"
"USR0000CBAR","BARNABY CALIFORNIA, CA US","2018-03-07","55","66","49"
"USR0000CBAR","BARNABY CALIFORNIA, CA US","2018-03-08","54","65","47"
"USR0000CBAR","BARNABY CALIFORNIA, CA US","2018-03-09","52","63","48"
"USR0000CBAR","BARNABY CALIFORNIA, CA US","2018-03-10","51","60","45"
"USR0000CBAR","BARNABY CALIFORNIA, CA US","2018-03-11","56","69","42"
"USR0000CBAR","BARNABY CALIFORNIA, CA US","2018-03-12","57","68","49"
"USR0000CBAR","BARNABY CALIFORNIA, CA US","2018-03-13","52","58","44"
"USR0000CBAR","BARNABY CALIFORNIA, CA US","2018-03-14","47","57","42"
"USR0000CBAR","BARNABY CALIFORNIA, CA US","2018-03-15","46","51","39"
"USR0000CBAR","BARNABY CALIFORNIA, CA US","2018-03-16","46","51","41"
"USR0000CBAR","BARNABY CALIFORNIA, CA US","2018-03-17","44","53","39"
"USR0000CBAR","BARNABY CALIFORNIA, CA US","2018-03-18","46","56","38"
"USR0000CBAR","BARNABY CALIFORNIA, CA US","2018-03-19","50","61","39"
"USR0000CBAR","BARNABY CALIFORNIA, CA US","2018-03-20","49","52","47"
"USR0000CBAR","BARNABY CALIFORNIA, CA US","2018-03-21","54","55","52"
"USR0000CBAR","BARNABY CALIFORNIA, CA US","2018-03-22","49","54","42"
"USR0000CBAR","BARNABY CALIFORNIA, CA US","2018-03-23","48","57","39"
"USR0000CBAR","BARNABY CALIFORNIA, CA US","2018-03-24","45","54","38"
"USR0000CBAR","BARNABY CALIFORNIA, CA US","2018-03-25","46","54","38"
"USR0000CBAR","BARNABY CALIFORNIA, CA US","2018-03-26","50","62","41"
"USR0000CBAR","BARNABY CALIFORNIA, CA US","2018-03-27","58","73","46"
"USR0000CBAR","BARNABY CALIFORNIA, CA US","2018-03-28","66","78","56"
"USR0000CBAR","BARNABY CALIFORNIA, CA US","2018-03-29","69","82","59"
"USR0000CBAR","BARNABY CALIFORNIA, CA US","2018-03-30","66","83","57"
"USR0000CBAR","BARNABY CALIFORNIA, CA US","2018-03-31","58","70","46"
"USR0000CBAR","BARNABY CALIFORNIA, CA US","2018-04-01","56","70","48"
"USR0000CBAR","BARNABY CALIFORNIA, CA US","2018-04-02","51","60","44"
"USR0000CBAR","BARNABY CALIFORNIA, CA US","2018-04-03","54","71","43"
"USR0000CBAR","BARNABY CALIFORNIA, CA US","2018-04-04","52","64","45"
"USR0000CBAR","BARNABY CALIFORNIA, CA US","2018-04-05","53","61","48"
"USR0000CBAR","BARNABY CALIFORNIA, CA US","2018-04-06","55","56","53"
"USR0000CBAR","BARNABY CALIFORNIA, CA US","2018-04-07","55","60","50"
"USR0000CBAR","BARNABY CALIFORNIA, CA US","2018-04-08","52","60","47"
"USR0000CBAR","BARNABY CALIFORNIA, CA US","2018-04-09","61","75","49"
"USR0000CBAR","BARNABY CALIFORNIA, CA US","2018-04-10","54","61","47"
"USR0000CBAR","BARNABY CALIFORNIA, CA US","2018-04-11","49","57","44"
"USR0000CBAR","BARNABY CALIFORNIA, CA US","2018-04-12","48","55","41"
"USR0000CBAR","BARNABY CALIFORNIA, CA US","2018-04-13","52","65","42"
"USR0000CBAR","BARNABY CALIFORNIA, CA US","2018-04-14","56","71","47"
"USR0000CBAR","BARNABY CALIFORNIA, CA US","2018-04-15","49","58","45"
"USR0000CBAR","BARNABY CALIFORNIA, CA US","2018-04-16","46","52","41"
"USR0000CBAR","BARNABY CALIFORNIA, CA US","2018-04-17","49","62","39"
"USR0000CBAR","BARNABY CALIFORNIA, CA US","2018-04-18","48","60","42"
"USR0000CBAR","BARNABY CALIFORNIA, CA US","2018-04-19","50","57","41"
"USR0000CBAR","BARNABY CALIFORNIA, CA US","2018-04-20","56","72","47"
"USR0000CBAR","BARNABY CALIFORNIA, CA US","2018-04-21","59","77","45"
"USR0000CBAR","BARNABY CALIFORNIA, CA US","2018-04-22","63","78","48"
"USR0000CBAR","BARNABY CALIFORNIA, CA US","2018-04-23","64","81","48"
"USR0000CBAR","BARNABY CALIFORNIA, CA US","2018-04-24","54","67","46"
"USR0000CBAR","BARNABY CALIFORNIA, CA US","2018-04-25","53","66","45"
"USR0000CBAR","BARNABY CALIFORNIA, CA US","2018-04-26","51","60","46"
"USR0000CBAR","BARNABY CALIFORNIA, CA US","2018-04-27","55","62","49"
"USR0000CBAR","BARNABY CALIFORNIA, CA US","2018-04-28","53","61","49"
"USR0000CBAR","BARNABY CALIFORNIA, CA US","2018-04-29","52","61","48"
"USR0000CBAR","BARNABY CALIFORNIA, CA US","2018-04-30","51","59","45"
"USR0000CBAR","BARNABY CALIFORNIA, CA US","2018-05-01","53","70","42"
"USR0000CBAR","BARNABY CALIFORNIA, CA US","2018-05-02","54","66","43"
"USR0000CBAR","BARNABY CALIFORNIA, CA US","2018-05-03","51","64","47"
"USR0000CBAR","BARNABY CALIFORNIA, CA US","2018-05-04","56","72","46"
"USR0000CBAR","BARNABY CALIFORNIA, CA US","2018-05-05","53","62","46"
"USR0000CBAR","BARNABY CALIFORNIA, CA US","2018-05-06","53","59","48"
"USR0000CBAR","BARNABY CALIFORNIA, CA US","2018-05-07","58","71","49"
"USR0000CBAR","BARNABY CALIFORNIA, CA US","2018-05-08","57","71","47"
"USR0000CBAR","BARNABY CALIFORNIA, CA US","2018-05-09","54","62","50"
"USR0000CBAR","BARNABY CALIFORNIA, CA US","2018-05-10","54","61","48"
"USR0000CBAR","BARNABY CALIFORNIA, CA US","2018-05-11","62","75","46"
"USR0000CBAR","BARNABY CALIFORNIA, CA US","2018-05-12","59","73","50"
"USR0000CBAR","BARNABY CALIFORNIA, CA US","2018-05-13","52","60","49"
"USR0000CBAR","BARNABY CALIFORNIA, CA US","2018-05-14","51","59","48"
"USR0000CBAR","BARNABY CALIFORNIA, CA US","2018-05-15","54","62","49"
"USR0000CBAR","BARNABY CALIFORNIA, CA US","2018-05-16","54","63","49"
"USR0000CBAR","BARNABY CALIFORNIA, CA US","2018-05-17","55","68","48"
"USR0000CBAR","BARNABY CALIFORNIA, CA US","2018-05-18","53","68","48"
"USR0000CBAR","BARNABY CALIFORNIA, CA US","2018-05-19","52","60","48"
"USR0000CBAR","BARNABY CALIFORNIA, CA US","2018-05-20","52","59","48"
"USR0000CBAR","BARNABY CALIFORNIA, CA US","2018-05-21","54","68","46"
"USR0000CBAR","BARNABY CALIFORNIA, CA US","2018-05-22","54","64","48"
"USR0000CBAR","BARNABY CALIFORNIA, CA US","2018-05-23","52","58","50"
"USR0000CBAR","BARNABY CALIFORNIA, CA US","2018-05-24","52","58","49"
"USR0000CBAR","BARNABY CALIFORNIA, CA US","2018-05-25","53","61","50"
"USR0000CBAR","BARNABY CALIFORNIA, CA US","2018-05-26","54","66","49"
"USR0000CBAR","BARNABY CALIFORNIA, CA US","2018-05-27","65","80","50"
"USR0000CBAR","BARNABY CALIFORNIA, CA US","2018-05-28","71","88","57"
"USR0000CBAR","BARNABY CALIFORNIA, CA US","2018-05-29","63","81","48"
"USR0000CBAR","BARNABY CALIFORNIA, CA US","2018-05-30","51","59","47"
"USR0000CBAR","BARNABY CALIFORNIA, CA US","2018-05-31","51","58","46"
"USR0000CBAR","BARNABY CALIFORNIA, CA US","2018-06-01","59","76","45"
"USR0000CBAR","BARNABY CALIFORNIA, CA US","2018-06-02","74","93","57"
"USR0000CBAR","BARNABY CALIFORNIA, CA US","2018-06-03","69","84","55"
"USR0000CBAR","BARNABY CALIFORNIA, CA US","2018-06-04","56","64","48"
"USR0000CBAR","BARNABY CALIFORNIA, CA US","2018-06-05","55","67","47"
"USR0000CBAR","BARNABY CALIFORNIA, CA US","2018-06-06","54","64","47"
"USR0000CBAR","BARNABY CALIFORNIA, CA US","2018-06-07","55","64","49"
"USR0000CBAR","BARNABY CALIFORNIA, CA US","2018-06-08","57","68","50"
"USR0000CBAR","BARNABY CALIFORNIA, CA US","2018-06-09","55","61","48"
"USR0000CBAR","BARNABY CALIFORNIA, CA US","2018-06-10","55","63","47"
"USR0000CBAR","BARNABY CALIFORNIA, CA US","2018-06-11","61","75","51"
"USR0000CBAR","BARNABY CALIFORNIA, CA US","2018-06-12","65","83","52"
"USR0000CBAR","BARNABY CALIFORNIA, CA US","2018-06-13","60","77","50"
"USR0000CBAR","BARNABY CALIFORNIA, CA US","2018-06-14","62","77","47"
"USR0000CBAR","BARNABY CALIFORNIA, CA US","2018-06-15","58","73","48"
"USR0000CBAR","BARNABY CALIFORNIA, CA US","2018-06-16","54","64","48"
"USR0000CBAR","BARNABY CALIFORNIA, CA US","2018-06-17","57","65","49"
"USR0000CBAR","BARNABY CALIFORNIA, CA US","2018-06-18","59","72","50"
"USR0000CBAR","BARNABY CALIFORNIA, CA US","2018-06-19","56","69","49"
"USR0000CBAR","BARNABY CALIFORNIA, CA US","2018-06-20","54","63","49"
"USR0000CBAR","BARNABY CALIFORNIA, CA US","2018-06-21","60","80","48"
"USR0000CBAR","BARNABY CALIFORNIA, CA US","2018-06-22","70","90","52"
"USR0000CBAR","BARNABY CALIFORNIA, CA US","2018-06-23","80","96","58"
"USR0000CBAR","BARNABY CALIFORNIA, CA US","2018-06-24","60","67","54"
"USR0000CBAR","BARNABY CALIFORNIA, CA US","2018-06-25","60","74","50"
"USR0000CBAR","BARNABY CALIFORNIA, CA US","2018-06-26","62","80","48"
"USR0000CBAR","BARNABY CALIFORNIA, CA US","2018-06-27","57","71","47"
"USR0000CBAR","BARNABY CALIFORNIA, CA US","2018-06-28","56","64","50"
"USR0000CBAR","BARNABY CALIFORNIA, CA US","2018-06-29","65","85","50"
"USR0000CBAR","BARNABY CALIFORNIA, CA US","2018-06-30","76","91","60"
"USR0000CBAR","BARNABY CALIFORNIA, CA US","2018-07-01","62","77","54"
"USR0000CBAR","BARNABY CALIFORNIA, CA US","2018-07-02","59","69","52"
"USR0000CBAR","BARNABY CALIFORNIA, CA US","2018-07-03","57","67","48"
"USR0000CBAR","BARNABY CALIFORNIA, CA US","2018-07-04","56","66","50"
"USR0000CBAR","BARNABY CALIFORNIA, CA US","2018-07-05","61","78","50"
"USR0000CBAR","BARNABY CALIFORNIA, CA US","2018-07-06","65","76","56"
"USR0000CBAR","BARNABY CALIFORNIA, CA US","2018-07-07","62","74","52"
"USR0000CBAR","BARNABY CALIFORNIA, CA US","2018-07-08","60","73","50"
"USR0000CBAR","BARNABY CALIFORNIA, CA US","2018-07-09","63","77","51"
"USR0000CBAR","BARNABY CALIFORNIA, CA US","2018-07-10","62","75","51"
"USR0000CBAR","BARNABY CALIFORNIA, CA US","2018-07-11","66","85","48"
"USR0000CBAR","BARNABY CALIFORNIA, CA US","2018-07-12","67","82","49"
"USR0000CBAR","BARNABY CALIFORNIA, CA US","2018-07-13","67","84","56"
"USR0000CBAR","BARNABY CALIFORNIA, CA US","2018-07-14","61","76","54"
"USR0000CBAR","BARNABY CALIFORNIA, CA US","2018-07-15","60","74","51"
"USR0000CBAR","BARNABY CALIFORNIA, CA US","2018-07-16","62","80","52"
"USR0000CBAR","BARNABY CALIFORNIA, CA US","2018-07-17","63","82","52"
"USR0000CBAR","BARNABY CALIFORNIA, CA US","2018-07-18","65","84","51"
"USR0000CBAR","BARNABY CALIFORNIA, CA US","2018-07-19","67","88","50"
"USR0000CBAR","BARNABY CALIFORNIA, CA US","2018-07-20","66","80","49"
"USR0000CBAR","BARNABY CALIFORNIA, CA US","2018-07-21","67","83","56"
"USR0000CBAR","BARNABY CALIFORNIA, CA US","2018-07-22","64","79","54"
"USR0000CBAR","BARNABY CALIFORNIA, CA US","2018-07-23","62","79","53"
"USR0000CBAR","BARNABY CALIFORNIA, CA US","2018-07-24","62","78","53"
"USR0000CBAR","BARNABY CALIFORNIA, CA US","2018-07-25","62","78","52"
"USR0000CBAR","BARNABY CALIFORNIA, CA US","2018-07-26","58","74","50"
"USR0000CBAR","BARNABY CALIFORNIA, CA US","2018-07-27","57","70","49"
"USR0000CBAR","BARNABY CALIFORNIA, CA US","2018-07-28","60","81","48"
"USR0000CBAR","BARNABY CALIFORNIA, CA US","2018-07-29","60","79","46"
"USR0000CBAR","BARNABY CALIFORNIA, CA US","2018-07-30","61","80","49"
"USR0000CBAR","BARNABY CALIFORNIA, CA US","2018-07-31","60","80","49"
"USR0000CBAR","BARNABY CALIFORNIA, CA US","2018-08-01","59","74","49"
"USR0000CBAR","BARNABY CALIFORNIA, CA US","2018-08-02","59","73","49"
"USR0000CBAR","BARNABY CALIFORNIA, CA US","2018-08-03","66","82","48"
"USR0000CBAR","BARNABY CALIFORNIA, CA US","2018-08-04","64","72","52"
"USR0000CBAR","BARNABY CALIFORNIA, CA US","2018-08-05","61","78","48"
"USR0000CBAR","BARNABY CALIFORNIA, CA US","2018-08-06","65","79","52"
"USR0000CBAR","BARNABY CALIFORNIA, CA US","2018-08-07","57","72","47"
"USR0000CBAR","BARNABY CALIFORNIA, CA US","2018-08-08","62","86","49"
"USR0000CBAR","BARNABY CALIFORNIA, CA US","2018-08-09","67","90","50"
"USR0000CBAR","BARNABY CALIFORNIA, CA US","2018-08-10","70","84","53"
"USR0000CBAR","BARNABY CALIFORNIA, CA US","2018-08-11","67","80","56"
"USR0000CBAR","BARNABY CALIFORNIA, CA US","2018-08-12","66","87","53"
"USR0000CBAR","BARNABY CALIFORNIA, CA US","2018-08-13","58","71","50"
"USR0000CBAR","BARNABY CALIFORNIA, CA US","2018-08-14","57","65","53"
"USR0000CBAR","BARNABY CALIFORNIA, CA US","2018-08-15","60","69","56"
"USR0000CBAR","BARNABY CALIFORNIA, CA US","2018-08-16","62","77","54"
"USR0000CBAR","BARNABY CALIFORNIA, CA US","2018-08-17","66","89","52"
"USR0000CBAR","BARNABY CALIFORNIA, CA US","2018-08-18","67","87","49"
"USR0000CBAR","BARNABY CALIFORNIA, CA US","2018-08-19","60","80","47"
"USR0000CBAR","BARNABY CALIFORNIA, CA US","2018-08-20","58","74","48"
"USR0000CBAR","BARNABY CALIFORNIA, CA US","2018-08-21","57","63","51"
"USR0000CBAR","BARNABY CALIFORNIA, CA US","2018-08-22","60","69","56"
"USR0000CBAR","BARNABY CALIFORNIA, CA US","2018-08-23","60","71","54"
"USR0000CBAR","BARNABY CALIFORNIA, CA US","2018-08-24","58","73","53"
"USR0000CBAR","BARNABY CALIFORNIA, CA US","2018-08-25","60","82","49"
"USR0000CBAR","BARNABY CALIFORNIA, CA US","2018-08-26","57","71","49"
"USR0000CBAR","BARNABY CALIFORNIA, CA US","2018-08-27","58","68","53"
"USR0000CBAR","BARNABY CALIFORNIA, CA US","2018-08-28","58","68","53"
"USR0000CBAR","BARNABY CALIFORNIA, CA US","2018-08-29","62","72","56"
"USR0000CBAR","BARNABY CALIFORNIA, CA US","2018-08-30","61","71","54"
"USR0000CBAR","BARNABY CALIFORNIA, CA US","2018-08-31","60","77","53"
"USR0000CBAR","BARNABY CALIFORNIA, CA US","2018-09-01","60","77","50"
"USR0000CBAR","BARNABY CALIFORNIA, CA US","2018-09-02","62","84","50"
"USR0000CBAR","BARNABY CALIFORNIA, CA US","2018-09-03","59","76","48"
"USR0000CBAR","BARNABY CALIFORNIA, CA US","2018-09-04","61","80","51"
"USR0000CBAR","BARNABY CALIFORNIA, CA US","2018-09-05","58","71","51"
"USR0000CBAR","BARNABY CALIFORNIA, CA US","2018-09-06","57","73","51"
"USR0000CBAR","BARNABY CALIFORNIA, CA US","2018-09-07","62","83","46"
"USR0000CBAR","BARNABY CALIFORNIA, CA US","2018-09-08","62","76","50"
"USR0000CBAR","BARNABY CALIFORNIA, CA US","2018-09-09","62","83","51"
"USR0000CBAR","BARNABY CALIFORNIA, CA US","2018-09-10","62","76","50"
"USR0000CBAR","BARNABY CALIFORNIA, CA US","2018-09-11","59","69","53"
"USR0000CBAR","BARNABY CALIFORNIA, CA US","2018-09-12","56","63","52"
"USR0000CBAR","BARNABY CALIFORNIA, CA US","2018-09-13","57","67","51"
"USR0000CBAR","BARNABY CALIFORNIA, CA US","2018-09-14","58","74","47"
"USR0000CBAR","BARNABY CALIFORNIA, CA US","2018-09-15","56","66","50"
"USR0000CBAR","BARNABY CALIFORNIA, CA US","2018-09-16","58","69","50"
"USR0000CBAR","BARNABY CALIFORNIA, CA US","2018-09-17","57","67","48"
"USR0000CBAR","BARNABY CALIFORNIA, CA US","2018-09-18","57","73","48"
"USR0000CBAR","BARNABY CALIFORNIA, CA US","2018-09-19","62","81","48"
"USR0000CBAR","BARNABY CALIFORNIA, CA US","2018-09-20","74","90","62"
"USR0000CBAR","BARNABY CALIFORNIA, CA US","2018-09-21","68","84","49"
"USR0000CBAR","BARNABY CALIFORNIA, CA US","2018-09-22","60","79","47"
"USR0000CBAR","BARNABY CALIFORNIA, CA US","2018-09-23","63","77","53"
"USR0000CBAR","BARNABY CALIFORNIA, CA US","2018-09-24","66","85","52"
"USR0000CBAR","BARNABY CALIFORNIA, CA US","2018-09-25","62","80","47"
"USR0000CBAR","BARNABY CALIFORNIA, CA US","2018-09-26","64","93","46"
"USR0000CBAR","BARNABY CALIFORNIA, CA US","2018-09-27","58","76","47"
"USR0000CBAR","BARNABY CALIFORNIA, CA US","2018-09-28","57","68","51"
"USR0000CBAR","BARNABY CALIFORNIA, CA US","2018-09-29","57","61","56"
"USR0000CBAR","BARNABY CALIFORNIA, CA US","2018-09-30","62","75","57"
"USR0000CBAR","BARNABY CALIFORNIA, CA US","2018-10-01","61","74","55"
"USR0000CBAR","BARNABY CALIFORNIA, CA US","2018-10-02","63","75","58"
"USR0000CBAR","BARNABY CALIFORNIA, CA US","2018-10-03","62","73","58"
"USR0000CBAR","BARNABY CALIFORNIA, CA US","2018-10-04","57","63","51"
"USR0000CBAR","BARNABY CALIFORNIA, CA US","2018-10-05","58","72","48"
"USR0000CBAR","BARNABY CALIFORNIA, CA US","2018-10-06","60","69","56"
"USR0000CBAR","BARNABY CALIFORNIA, CA US","2018-10-07","67","81","56"
"USR0000CBAR","BARNABY CALIFORNIA, CA US","2018-10-08","70","82","59"
"USR0000CBAR","BARNABY CALIFORNIA, CA US","2018-10-09","61","78","50"
"USR0000CBAR","BARNABY CALIFORNIA, CA US","2018-10-10","56","68","48"
"USR0000CBAR","BARNABY CALIFORNIA, CA US","2018-10-11","57","70","51"
"USR0000CBAR","BARNABY CALIFORNIA, CA US","2018-10-12","65","83","50"
"USR0000CBAR","BARNABY CALIFORNIA, CA US","2018-10-13","64","80","48"
"USR0000CBAR","BARNABY CALIFORNIA, CA US","2018-10-14","58","76","43"
"USR0000CBAR","BARNABY CALIFORNIA, CA US","2018-10-15","67","81","58"
"USR0000CBAR","BARNABY CALIFORNIA, CA US","2018-10-16","63","82","47"
"USR0000CBAR","BARNABY CALIFORNIA, CA US","2018-10-17","55","77","45"
"USR0000CBAR","BARNABY CALIFORNIA, CA US","2018-10-18","58","80","49"
"USR0000CBAR","BARNABY CALIFORNIA, CA US","2018-10-19","63","85","48"
"USR0000CBAR","BARNABY CALIFORNIA, CA US","2018-10-20","57","78","46"
"USR0000CBAR","BARNABY CALIFORNIA, CA US","2018-10-21","54","68","46"
"USR0000CBAR","BARNABY CALIFORNIA, CA US","2018-10-22","54","66","50"
"USR0000CBAR","BARNABY CALIFORNIA, CA US","2018-10-23","55","64","51"
"USR0000CBAR","BARNABY CALIFORNIA, CA US","2018-10-24","58","72","51"
"USR0000CBAR","BARNABY CALIFORNIA, CA US","2018-10-25","60","77","51"
"USR0000CBAR","BARNABY CALIFORNIA, CA US","2018-10-26","63","82","51"
"USR0000CBAR","BARNABY CALIFORNIA, CA US","2018-10-27","61","71","56"
"USR0000CBAR","BARNABY CALIFORNIA, CA US","2018-10-28","59","67","53"
"USR0000CBAR","BARNABY CALIFORNIA, CA US","2018-10-29","57","67","50"
"USR0000CBAR","BARNABY CALIFORNIA, CA US","2018-10-30","58","70","48"
"USR0000CBAR","BARNABY CALIFORNIA, CA US","2018-10-31","65","80","55"
"USR0000CBAR","BARNABY CALIFORNIA, CA US","2018-11-01","72","87","63"
"USR0000CBAR","BARNABY CALIFORNIA, CA US","2018-11-02","67","80","59"
"USR0000CBAR","BARNABY CALIFORNIA, CA US","2018-11-03","69","82","59"
"USR0000CBAR","BARNABY CALIFORNIA, CA US","2018-11-04","58","69","49"
"USR0000CBAR","BARNABY CALIFORNIA, CA US","2018-11-05","57","70","50"
"USR0000CBAR","BARNABY CALIFORNIA, CA US","2018-11-06","63","78","54"
"USR0000CBAR","BARNABY CALIFORNIA, CA US","2018-11-07","62","77","53"
"USR0000CBAR","BARNABY CALIFORNIA, CA US","2018-11-08","61","72","53"
"USR0000CBAR","BARNABY CALIFORNIA, CA US","2018-11-09","58","70","51"
"USR0000CBAR","BARNABY CALIFORNIA, CA US","2018-11-10","54","65","48"
"USR0000CBAR","BARNABY CALIFORNIA, CA US","2018-11-11","60","72","50"
"USR0000CBAR","BARNABY CALIFORNIA, CA US","2018-11-12","58","69","49"
"USR0000CBAR","BARNABY CALIFORNIA, CA US","2018-11-13","56","65","51"
"USR0000CBAR","BARNABY CALIFORNIA, CA US","2018-11-14","57","71","50"
"USR0000CBAR","BARNABY CALIFORNIA, CA US","2018-11-15","56","68","50"
"USR0000CBAR","BARNABY CALIFORNIA, CA US","2018-11-16","56","67","48"
"USR0000CBAR","BARNABY CALIFORNIA, CA US","2018-11-17","52","67","45"
"USR0000CBAR","BARNABY CALIFORNIA, CA US","2018-11-18","51","64","44"
"USR0000CBAR","BARNABY CALIFORNIA, CA US","2018-11-19","56","67","49"
"USR0000CBAR","BARNABY CALIFORNIA, CA US","2018-11-20","57","68","49"
"USR0000CBAR","BARNABY CALIFORNIA, CA US","2018-11-21","56","58","54"
"USR0000CBAR","BARNABY CALIFORNIA, CA US","2018-11-22","55","58","52"
"USR0000CBAR","BARNABY CALIFORNIA, CA US","2018-11-23","55","58","51"
"USR0000CBAR","BARNABY CALIFORNIA, CA US","2018-11-24","53","58","49"
"USR0000CBAR","BARNABY CALIFORNIA, CA US","2018-11-25","54","67","47"
"USR0000CBAR","BARNABY CALIFORNIA, CA US","2018-11-26","56","66","49"
"USR0000CBAR","BARNABY CALIFORNIA, CA US","2018-11-27","53","56","47"
"USR0000CBAR","BARNABY CALIFORNIA, CA US","2018-11-28","56","63","54"
"USR0000CBAR","BARNABY CALIFORNIA, CA US","2018-11-29","53","56","50"
"USR0000CBAR","BARNABY CALIFORNIA, CA US","2018-11-30","51","56","47"
"USR0000CBAR","BARNABY CALIFORNIA, CA US","2018-12-01","50","54","44"
"USR0000CBAR","BARNABY CALIFORNIA, CA US","2018-12-02","47","58","42"
"USR0000CBAR","BARNABY CALIFORNIA, CA US","2018-12-03","46","52","42"
"USR0000CBAR","BARNABY CALIFORNIA, CA US","2018-12-04","47","50","46"
"USR0000CBAR","BARNABY CALIFORNIA, CA US","2018-12-05","47","49","45"
"USR0000CBAR","BARNABY CALIFORNIA, CA US","2018-12-06","51","63","44"
"USR0000CBAR","BARNABY CALIFORNIA, CA US","2018-12-07","51","63","44"
"USR0000CBAR","BARNABY CALIFORNIA, CA US","2018-12-08","50","59","44"
"USR0000CBAR","BARNABY CALIFORNIA, CA US","2018-12-09","45","47","44"
"USR0000CBAR","BARNABY CALIFORNIA, CA US","2018-12-10","48","54","46"
"USR0000CBAR","BARNABY CALIFORNIA, CA US","2018-12-11","51","60","43"
"USR0000CBAR","BARNABY CALIFORNIA, CA US","2018-12-12","53","62","46"
"USR0000CBAR","BARNABY CALIFORNIA, CA US","2018-12-13","51","59","45"
"USR0000CBAR","BARNABY CALIFORNIA, CA US","2018-12-14","52","58","47"
"USR0000CBAR","BARNABY CALIFORNIA, CA US","2018-12-15","53","56","51"
"USR0000CBAR","BARNABY CALIFORNIA, CA US","2018-12-16","53","55","50"
"USR0000CBAR","BARNABY CALIFORNIA, CA US","2018-12-17","51","60","47"
"USR0000CBAR","BARNABY CALIFORNIA, CA US","2018-12-18","52","59","46"
"USR0000CBAR","BARNABY CALIFORNIA, CA US","2018-12-19","52","54","49"
"USR0000CBAR","BARNABY CALIFORNIA, CA US","2018-12-20","49","50","47"
"USR0000CBAR","BARNABY CALIFORNIA, CA US","2018-12-21","51","58","46"
"USR0000CBAR","BARNABY CALIFORNIA, CA US","2018-12-22","47","56","40"
"USR0000CBAR","BARNABY CALIFORNIA, CA US","2018-12-23","50","57","45"
"USR0000CBAR","BARNABY CALIFORNIA, CA US","2018-12-24","51","56","46"
"USR0000CBAR","BARNABY CALIFORNIA, CA US","2018-12-25","48","56","43"
"USR0000CBAR","BARNABY CALIFORNIA, CA US","2018-12-26","49","57","43"
"USR0000CBAR","BARNABY CALIFORNIA, CA US","2018-12-27","49","58","42"
"USR0000CBAR","BARNABY CALIFORNIA, CA US","2018-12-28","50","60","43"
"USR0000CBAR","BARNABY CALIFORNIA, CA US","2018-12-29","50","62","43"
"USR0000CBAR","BARNABY CALIFORNIA, CA US","2018-12-30","48","58","42"
"USR0000CBAR","BARNABY CALIFORNIA, CA US","2018-12-31","47","56","40"
